{"PTR": {"Li": 129.079867846589, "Be": 128.36816918205008, "Na": 129.08809912340053, "Mg": 121.82863830296459, "Al": 104.56030974640798, "K": 129.10132505630173, "Ca": 124.67988240616354, "Sc": 129.06292043531667, "Ti": 123.0996857116835, "V": 127.56453866749166, "Cr": 120.32298901895356, "Mn": 122.99321120887569, "Fe": 111.01071125934648, "Co": 122.01503946710481, "Ni": 109.14296418635892, "Cu": 114.45002689171037, "Zn": 124.48689313525925, "Rb": 129.10132505630173, "Sr": 128.813752040014, "Y": 126.77918432236325, "Zr": 118.98728885656647, "Nb": 125.87172875125214, "Mo": 125.37460177945745, "Tc": 129.10132505630173, "Ru": 128.9526045508698, "Rh": 128.99726069685698, "Pd": 127.06730544384538, "Ag": 126.38594018112892, "Cd": 128.92299868210787, "In": 129.0846149984299, "Sn": 127.94125582348316, "Te": 129.00015470259282, "Cs": 129.10132505630173, "Ba": 128.95037817429184, "Lu": 129.08583164427023, "Hf": 127.66215047475153, "Ta": 128.01996253800252, "W": 127.94340473613185, "Re": 129.10132505630173, "Os": 129.0952056867058, "Ir": 129.03508097138885, "Pt": 128.84016698370075, "Au": 127.91690535026203, "Hg": 129.10132505630173, "Tl": 129.03946036500957, "Pb": 127.80392004128794, "Bi": 128.9750978529961, "Po": 129.10132505630173, "Fr": 129.10132505630173, "Ra": 129.10132505630173, "Lr": 129.10132505630173, "La": 124.0584317240239, "Ce": 126.68605183895768, "Pr": 128.311713476568, "Nd": 126.75547588208116, "Pm": 129.10132505630173, "Sm": 128.28488426659192, "Eu": 129.0948183750722, "Gd": 127.74561553685932, "Tb": 128.32838917906233, "Dy": 128.34074547123092, "Ho": 128.39912434005493, "Er": 128.32215661324418, "Tm": 129.05232101417027, "Yb": 128.29164038762755, "Ac": 129.10132505630173, "Th": 129.01087834478486, "Pa": 129.10132505630173, "U": 128.9661451672216, "Np": 129.0756899315006, "Pu": 129.04866962232848, "Am": 129.10132505630173, "Cm": 129.10132505630173, "Bk": 129.10132505630173, "Cf": 129.10132505630173, "Es": 129.10132505630173, "Fm": 129.10132505630173, "Md": 129.10132505630173, "No": 129.10132505630173, "As": 128.99340787110532, "Si": 118.15141892864887, "B": 117.21438714983981, "Ga": 128.75130984879053, "C": 123.46284840304304, "P": 123.91477039674525, "O": 128.5120656347095, "Ge": 128.4475856241181, "Se": 129.08430926587894, "Sb": 128.77988967736064, "S": 126.91270847663041, "H": 128.5881021875221, "N": 128.08023177102407, "Cl": 129.09584553847145}, "atomic": {"Li": 129.07870483398438, "Be": 128.3670196533203, "Na": 129.08694458007812, "Mg": 121.82791900634766, "Al": 104.55950927734375, "K": 129.10015869140625, "Ca": 124.67870330810547, "Sc": 129.06175231933594, "Ti": 123.09879302978516, "V": 127.56342315673828, "Cr": 120.3224105834961, "Mn": 122.99331665039062, "Fe": 111.01068115234375, "Co": 122.01392364501953, "Ni": 109.14237213134766, "Cu": 114.449462890625, "Zn": 124.48631286621094, "Rb": 129.10015869140625, "Sr": 128.81259155273438, "Y": 126.77799987792969, "Zr": 118.98614501953125, "Nb": 125.87062072753906, "Mo": 125.37378692626953, "Tc": 129.10015869140625, "Ru": 128.95138549804688, "Rh": 128.99609375, "Pd": 127.06605529785156, "Ag": 126.38479614257812, "Cd": 128.92189025878906, "In": 129.0834503173828, "Sn": 127.9402084350586, "Te": 128.99899291992188, "Cs": 129.10015869140625, "Ba": 128.94921875, "Lu": 129.0846710205078, "Hf": 127.6609878540039, "Ta": 128.01885986328125, "W": 127.9423599243164, "Re": 129.10015869140625, "Os": 129.09405517578125, "Ir": 129.03392028808594, "Pt": 128.83901977539062, "Au": 127.91574096679688, "Hg": 129.10015869140625, "Tl": 129.03829956054688, "Pb": 127.80293273925781, "Bi": 128.97393798828125, "Po": 129.10015869140625, "Fr": 129.10015869140625, "Ra": 129.10015869140625, "Lr": 129.10015869140625, "La": 124.0572509765625, "Ce": 126.68487548828125, "Pr": 128.310546875, "Nd": 126.7542953491211, "Pm": 129.10015869140625, "Sm": 128.28372192382812, "Eu": 129.09365844726562, "Gd": 127.74444580078125, "Tb": 128.3272247314453, "Dy": 128.33956909179688, "Ho": 128.39794921875, "Er": 128.32098388671875, "Tm": 129.05116271972656, "Yb": 128.29046630859375, "Ac": 129.10015869140625, "Th": 129.0097198486328, "Pa": 129.10015869140625, "U": 128.96498107910156, "Np": 129.07452392578125, "Pu": 129.04751586914062, "Am": 129.10015869140625, "Cm": 129.10015869140625, "Bk": 129.10015869140625, "Cf": 129.10015869140625, "Es": 129.10015869140625, "Fm": 129.10015869140625, "Md": 129.10015869140625, "No": 129.10015869140625, "As": 128.9922637939453, "Si": 118.15122985839844, "B": 117.21312713623047, "Ga": 128.75015258789062, "C": 123.46224975585938, "P": 123.91432189941406, "O": 128.51075744628906, "Ge": 128.4464111328125, "Se": 129.08314514160156, "Sb": 128.77870178222656, "S": 126.9122314453125, "H": 128.58676147460938, "N": 128.07908630371094, "Cl": 129.0946807861328}, "pettifor": {"Li": 129.07870483398438, "Be": 128.3670196533203, "Na": 129.08694458007812, "Mg": 121.82791900634766, "Al": 104.55950927734375, "K": 129.10015869140625, "Ca": 124.67870330810547, "Sc": 129.06175231933594, "Ti": 123.09879302978516, "V": 127.56342315673828, "Cr": 120.3224105834961, "Mn": 122.99331665039062, "Fe": 111.01068115234375, "Co": 122.01392364501953, "Ni": 109.14237213134766, "Cu": 114.449462890625, "Zn": 124.48631286621094, "Rb": 129.10015869140625, "Sr": 128.81259155273438, "Y": 126.77799987792969, "Zr": 118.98614501953125, "Nb": 125.87062072753906, "Mo": 125.37378692626953, "Tc": 129.10015869140625, "Ru": 128.95138549804688, "Rh": 128.99609375, "Pd": 127.06605529785156, "Ag": 126.38479614257812, "Cd": 128.92189025878906, "In": 129.0834503173828, "Sn": 127.94020080566406, "Te": 128.99899291992188, "Cs": 129.10015869140625, "Ba": 128.94920349121094, "Lu": 129.0846710205078, "Hf": 127.6609878540039, "Ta": 128.01885986328125, "W": 127.9423599243164, "Re": 129.10015869140625, "Os": 129.09405517578125, "Ir": 129.03392028808594, "Pt": 128.83900451660156, "Au": 127.91574096679688, "Hg": 129.10015869140625, "Tl": 129.03829956054688, "Pb": 127.80293273925781, "Bi": 128.9739227294922, "Po": 129.10015869140625, "Fr": 129.10015869140625, "Ra": 129.10015869140625, "Lr": 129.10015869140625, "La": 124.05724334716797, "Ce": 126.68488311767578, "Pr": 128.310546875, "Nd": 126.7542953491211, "Pm": 129.10015869140625, "Sm": 128.28370666503906, "Eu": 129.09365844726562, "Gd": 127.74444580078125, "Tb": 128.3272247314453, "Dy": 128.33956909179688, "Ho": 128.39794921875, "Er": 128.32098388671875, "Tm": 129.05116271972656, "Yb": 128.29046630859375, "Ac": 129.10015869140625, "Th": 129.0097198486328, "Pa": 129.10015869140625, "U": 128.96498107910156, "Np": 129.07452392578125, "Pu": 129.04751586914062, "Am": 129.10015869140625, "Cm": 129.10015869140625, "Bk": 129.10015869140625, "Cf": 129.10015869140625, "Es": 129.10015869140625, "Fm": 129.10015869140625, "Md": 129.10015869140625, "No": 129.10015869140625, "As": 128.9922637939453, "Si": 118.15123748779297, "B": 117.21312713623047, "Ga": 128.75015258789062, "C": 123.46224975585938, "P": 123.91432189941406, "O": 128.51075744628906, "Ge": 128.44642639160156, "Se": 129.08314514160156, "Sb": 128.7786865234375, "S": 126.91222381591797, "H": 128.58677673339844, "N": 128.07908630371094, "Cl": 129.0946807861328}, "mod_pettifor": {"Li": 129.07870483398438, "Be": 128.3670196533203, "Na": 129.08694458007812, "Mg": 121.82791900634766, "Al": 104.55950927734375, "K": 129.10015869140625, "Ca": 124.67870330810547, "Sc": 129.06175231933594, "Ti": 123.09879302978516, "V": 127.56341552734375, "Cr": 120.3224105834961, "Mn": 122.99331665039062, "Fe": 111.01068115234375, "Co": 122.01392364501953, "Ni": 109.14237213134766, "Cu": 114.449462890625, "Zn": 124.48631286621094, "Rb": 129.10015869140625, "Sr": 128.81259155273438, "Y": 126.77799987792969, "Zr": 118.98613739013672, "Nb": 125.87062072753906, "Mo": 125.37378692626953, "Tc": 129.10015869140625, "Ru": 128.95138549804688, "Rh": 128.99609375, "Pd": 127.06605529785156, "Ag": 126.38479614257812, "Cd": 128.92189025878906, "In": 129.0834503173828, "Sn": 127.9402084350586,