{"PTR": {"Li": 0.012026084437859274, "Be": 0.011490181109684867, "Na": 0.01185442424181094, "Mg": 0.011652506571162183, "Al": 0.011874599591964682, "K": 0.012345679012345678, "Ca": 0.011786117292018568, "Sc": 0.011337917631302343, "Ti": 0.011264252732958793, "V": 0.01118450752613595, "Cr": 0.011393319019587322, "Mn": 0.010880457451909985, "Fe": 0.011629716868566446, "Co": 0.011610459923215159, "Ni": 0.011396243108302222, "Cu": 0.01149413049049331, "Zn": 0.011371874288173312, "Rb": 0.012345679012345678, "Sr": 0.01158939612733725, "Y": 0.011181227683247877, "Zr": 0.011461188017954618, "Nb": 0.011501073883336438, "Mo": 0.011321371816007552, "Tc": 0.012345679012345678, "Ru": 0.01197276539393616, "Rh": 0.011955752532458504, "Pd": 0.011849062190002783, "Ag": 0.011613171582538167, "Cd": 0.011951850994472891, "In": 0.011479505389881602, "Sn": 0.011137720263106134, "Te": 0.012169068525547827, "Cs": 0.012345679012345678, "Ba": 0.011552435390391684, "Lu": 0.01153020726647238, "Hf": 0.011644166772574873, "Ta": 0.011766432110017254, "W": 0.011327781470255921, "Re": 0.012345679012345678, "Os": 0.01233728151295805, "Ir": 0.011989966718771708, "Pt": 0.011806888957590387, "Au": 0.012024957845768085, "Hg": 0.012345679012345678, "Tl": 0.012341484255017127, "Pb": 0.011304827845546907, "Bi": 0.011132783080304073, "Po": 0.012345679012345678, "Fr": 0.012345679012345678, "Ra": 0.012345679012345678, "Lr": 0.012345679012345678, "La": 0.011348841558211099, "Ce": 0.010970154052054567, "Pr": 0.011129218301352406, "Nd": 0.01104936152279008, "Pm": 0.012345679012345678, "Sm": 0.01095084137682517, "Eu": 0.01232794086779837, "Gd": 0.011163877987955675, "Tb": 0.01108569408081418, "Dy": 0.011098522549060349, "Ho": 0.01110093937027216, "Er": 0.011083700198472619, "Tm": 0.01133028448615025, "Yb": 0.01122531554961321, "Ac": 0.012345679012345678, "Th": 0.011431925923248943, "Pa": 0.012345679012345678, "U": 0.012039288526882597, "Np": 0.012244349890537827, "Pu": 0.012035693414599802, "Am": 0.012345679012345678, "Cm": 0.012345679012345678, "Bk": 0.012345679012345678, "Cf": 0.012345679012345678, "Es": 0.012345679012345678, "Fm": 0.012345679012345678, "Md": 0.012345679012345678, "No": 0.012345679012345678, "As": 0.011866723501062357, "Si": 0.011234964633060684, "B": 0.011554690829708667, "Ga": 0.01125919324623186, "C": 0.01124091142011693, "P": 0.011166369198438737, "O": 0.011889913178665565, "Ge": 0.011309202041929355, "Se": 0.011365025425600184, "Sb": 0.011646756405982197, "S": 0.010889601801363905, "H": 0.011888214686540834, "N": 0.011188869389988358, "Cl": 0.011608865119823349}, "atomic": {"Li": 0.018914636224508286, "Be": 0.01807187624614347, "Na": 0.01864533747235934, "Mg": 0.018327078889703603, "Al": 0.018676493799115124, "K": 0.019417475908994675, "Ca": 0.018537368880008624, "Sc": 0.01783244824036956, "Ti": 0.017716441417373524, "V": 0.01759116980433464, "Cr": 0.017919586300191057, "Mn": 0.017112909068749186, "Fe": 0.018291366117947037, "Co": 0.01826110244229267, "Ni": 0.017924172722085997, "Cu": 0.018078107519526775, "Zn": 0.017885554770330006, "Rb": 0.019417475908994675, "Sr": 0.018227951063846167, "Y": 0.017586008689249866, "Zr": 0.018026325383146653, "Nb": 0.018089084887742333, "Mo": 0.01780644820853702, "Tc": 0.019417475908994675, "Ru": 0.018830959141875308, "Rh": 0.018804172571334574, "Pd": 0.01863634153575954, "Ag": 0.01826530494839279, "Cd": 0.018797385885759636, "In": 0.018055228050798178, "Sn": 0.01751727265504639, "Te": 0.01913968101143837, "Cs": 0.019417475908994675, "Ba": 0.018169820170711587, "Lu": 0.018134890589863062, "Hf": 0.018314100355212765, "Ta": 0.01850637184434581, "W": 0.017816400263262422, "Re": 0.019417475908994675, "Os": 0.019404266960918903, "Ir": 0.018857992875079315, "Pt": 0.01856992312747499, "Au": 0.0189130129243331, "Hg": 0.019417475908994675, "Tl": 0.019410876895893703, "Pb": 0.017779962606347944, "Bi": 0.017509574364674717, "Po": 0.019417475908994675, "Fr": 0.019417475908994675, "Ra": 0.019417475908994675, "Lr": 0.019417475908994675, "La": 0.01784962903906661, "Ce": 0.017254027655642285, "Pr": 0.01750420821860196, "Nd": 0.017378617311517398, "Pm": 0.019417475908994675, "Sm": 0.017223659553565085, "Eu": 0.01938957255333662, "Gd": 0.01755871888267123, "Tb": 0.017435755217220725, "Dy": 0.017455898194519943, "Ho": 0.017459738328381703, "Er": 0.01743259046971798, "Tm": 0.017820637859404086, "Yb": 0.01765535413756851, "Ac": 0.019417475908994675, "Th": 0.017980307689867914, "Pa": 0.019417475908994675, "U": 0.018935577781951946, "Np": 0.01925809681415558, "Pu": 0.018929912398258846, "Am": 0.019417475908994675, "Cm": 0.019417475908994675, "Bk": 0.019417475908994675, "Cf": 0.019417475908994675, "Es": 0.019417475908994675, "Fm": 0.019417475908994675, "Md": 0.019417475908994675, "No": 0.019417475908994675, "As": 0.018664758342007797, "Si": 0.017670501394299664, "B": 0.018173421984438293, "Ga": 0.01770862263807079, "C": 0.01767988699958124, "P": 0.01756279447094561, "O": 0.018700152930871742, "Ge": 0.017787274759296978, "Se": 0.017874364741146564, "Sb": 0.018317754119634627, "S": 0.017127566623611975, "H": 0.018697531428188086, "N": 0.017598098005961488, "Cl": 0.018259373493492603}, "pettifor": {"Li": 0.018914637342095374, "Be": 0.018071877036356564, "Na": 0.018645336851477623, "Mg": 0.018327078907787536, "Al": 0.018676493747579487, "K": 0.019417475908994675, "Ca": 0.01853736798218686, "Sc": 0.01783244824036956, "Ti": 0.017716441990643584, "V": 0.017591170370578765, "Cr": 0.017919585565839433, "Mn": 0.017112908685028298, "Fe": 0.018291365691105496, "Co": 0.018261102080968743, "Ni": 0.017924172737323607, "Cu": 0.018078107473405675, "Zn": 0.017885554202250548, "Rb": 0.019417475908994675, "Sr": 0.018227952281729534, "Y": 0.017586008941483062, "Zr": 0.018026324806668315, "Nb": 0.0180890857896911, "Mo": 0.01780644817043053, "Tc": 0.019417475908994675, "Ru": 0.01883095952992638, "Rh": 0.018804175468782585, "Pd": 0.01863634048732455, "Ag": 0.018265304365551967, "Cd": 0.01879738657562821, "In": 0.018055229913443327, "Sn": 0.017517272738760775, "Te": 0.019139682654948795, "Cs": 0.019417475908994675, "Ba": 0.01816982058463273, "Lu": 0.018134886864572763, "Hf": 0.01831410059750807, "Ta": 0.01850637176941181, "W": 0.017816400498543914, "Re": 0.019417475908994675, "Os": 0.019404266960918903, "Ir": 0.01885799380640189, "Pt": 0.01856992393732071, "Au": 0.018913013929570163, "Hg": 0.019417475908994675, "Tl": 0.01941087960519574, "Pb": 0.017779962549328197, "Bi": 0.017509573384335165, "Po": 0.019417475908994675, "Fr": 0.019417475908994675, "Ra": 0.019417475908994675, "Lr": 0.019417475908994675, "La": 0.01784962880905474, "Ce": 0.017254028121303572, "Pr": 0.01750420770120053, "Nd": 0.017378617227077484, "Pm": 0.019417475908994675, "Sm": 0.01722365917521529, "Eu": 0.019389577209949493, "Gd": 0.0175587194014902, "Tb": 0.01743575499006888, "Dy": 0.01745589814833866, "Ho": 0.017459738479406985, "Er": 0.017432591184973718, "Tm": 0.017820638604462147, "Yb": 0.017655354383033374, "Ac": 0.019417475908994675, "Th": 0.01798030873760581, "Pa": 0.019417475908994675, "U": 0.018935575919306797, "Np": 0.019258096069097518, "Pu": 0.018929911984337702, "Am": 0.019417475908994675, "Cm": 0.019417475908994675, "Bk": 0.019417475908994675, "Cf": 0.019417475908994675, "Es": 0.019417475908994675, "Fm": 0.019417475908994675, "Md": 0.019417475908994675, "No": 0.019417475908994675, "As": 0.018664758135047223, "Si": 0.017670502102830957, "B": 0.01817342211512388, "Ga": 0.017708623160918553, "C": 0.017679886224852726, "P": 0.017562793910125003, "O": 0.018700153294314698, "Ge": 0.0177872743149963, "Se": 0.017874368000775576, "Sb": 0.018317755423486234, "S": 0.01712756639735847, "H": 0.018697530807306368, "N": 0.017598097799000918, "Cl": 0.018259375356137753}, "mod_pettifor": {"Li": 0.018914637714624406, "Be": 0.018071876979912773, "Na": 0.018645338714122772, "Mg": 0.01832707862995256, "Al": 0.01867649365239632, "K": 0.019417475908994675, "Ca": 0.01853736866828349, "Sc": 0.017832448706030846,