{"names": ["DNN", "CNN1-atom", "CNN1-rand", "CNN1-pet", "CNN1-modpet", "CNN2-PTR"], "mean_f1_score": [0.8642083551927596, 0.9049932521378649, 0.8874770462701754, 0.905547276213389, 0.9023440991306124, 0.9366257815995445], "std_f1_score": [0.07202446037830854, 0.05869062606814748, 0.040250842729029415, 0.051674287414605904, 0.0330377600607906, 0.054585294648603254]}