{"names": ["DNN", "CNN1-atom", "CNN1-rand", "CNN1-pet", "CNN1-modpet", "CNN2-PTR"], "mean_f1_score": [0.8668429662750452, 0.9054718542423481, 0.8900701117312939, 0.9024564430278715, 0.8968422511662588, 0.9291315914855589], "std_f1_score": [0.06435010381380155, 0.056655780836334414, 0.043488538493085045, 0.05213617049701334, 0.03888169412946012, 0.048854365082443785]}