{"names": ["DNN", "CNN1-atom", "CNN1-alph", "CNN1-rand", "CNN1-pet", "CNN1-modpet", "CNN2-PTR"], "mean_f1_score": [0.8286348089827795, 0.9054718542423481, 0.8900701117312939, 0.8529813339207204, 0.9024564430278715, 0.8968422511662588, 0.9291315914855589], "std_f1_score": [0.05995522058949849, 0.056655780836334414, 0.043488538493085045, 0.059671211309728515, 0.05213617049701334, 0.03888169412946012, 0.048854365082443785]}