{"fixed_comps": {"5": [0.0054530552984579225, 9.272127194769117e-06, 0.275558279903054, 0.1621683878301336, 0.0009611400236289089, 0.7160348487159214, 0.09790941929600148, 0.38912257595822386], "10": [0.005453055298457943, 0.001868342752521218, 0.14982367296544596, 0.3636060692216567, 0.7084105290815299, 0.2934223053144298, 0.014587906657523285, 0.04890939830429539], "20": [0.005453055298457965, 0.0019856703510285974, 0.39363349283523064, 0.6765879948254683, 0.9722572927857058, 0.158097263263511, 0.03608995937525449, 0.04238852419361696]}, "fixed_var": {"0.9": [0.005453055298457967, 1.5988248069711527e-06, 0.01612300892202556, 0.6422979583405395, 0.0312102199662218, 0.7160348487159228, 0.6065668249618412, 0.20197275184842317], "0.95": [0.0054530552984579225, 1.6114991300536288e-06, 0.6993164486873082, 0.3636060692216567, 0.6846238900000354, 0.2603903414753119, 0.05262289971602263, 0.38912257595822375], "0.99": [0.005453055298457943, 0.00187641402163624, 0.23804952648493122, 0.7117585129297493, 0.7318624814233128, 0.28642455184877447, 0.03498683527707822, 0.03233182281031069]}}