{"fixed_comps": {"5": [0.997273472350771, 0.8054387120208881, 0.13777913995152702, 0.0810841939150668, 0.00048057001181445446, 0.6419825756420385, 0.9510452903519993, 0.8054387120208881], "10": [0.997273472350771, 0.9755453008478523, 0.925088163517277, 0.8181969653891716, 0.6457947354592344, 0.8532888473427851, 0.9927060466712383, 0.9755453008478523], "20": [0.997273472350771, 0.9788057379031916, 0.8031832535823837, 0.6617060025872659, 0.4861286463928529, 0.9209513683682445, 0.9819550203123727, 0.9788057379031916]}, "fixed_var": {"0.9": [0.997273472350771, 0.003211360257885624, 0.008061504461012772, 0.32114897917026974, 0.0156051099831109, 0.6419825756420385, 0.3032834124809206, 0.10098637592421221], "0.95": [0.997273472350771, 0.7770576865765326, 0.3496582243436541, 0.8181969653891712, 0.6576880549999822, 0.869804829262344, 0.9736885501419887, 0.8054387120208881], "0.99": [0.997273472350771, 0.9657343911993632, 0.8809752367575344, 0.6441207435351253, 0.3659312407116564, 0.8567877240756132, 0.9825065823614608, 0.9838340885948447]}}