{"fixed_comps": {"5": [0.002061138248268231, 0.19086449295422492, 0.8623931285040096, 0.9208313716730928, 0.9995196209195598, 0.3577911913396039, 0.046776112370621764, 0.19086449295422492], "10": [0.002061138248268231, 0.02143517128892174, 0.0747600071354789, 0.18176288071533925, 0.3542008865158225, 0.14501098753757194, 0.006361897198654208, 0.02143517128892174], "20": [0.00206113824826821, 0.017513604823011366, 0.19661574236925167, 0.338244661724964, 0.5138715022249232, 0.07795643661637862, 0.017007480756994067, 0.017513604823011366]}, "fixed_var": {"0.9": [0.0020611382482682177, 0.9971220057070476, 0.9921327580171634, 0.6790707763555965, 0.9844160998321471, 0.3577911913396039, 0.6983893392228795, 0.8992372852659487], "0.95": [0.002061138248268225, 0.21949118044064997, 0.6503796452206514, 0.18176288071533925, 0.34230286957014266, 0.128158470824547, 0.024415256326019968, 0.19086449295422492], "0.99": [0.00206113824826821, 0.03036015596862897, 0.11894451305009102, 0.35580079430322237, 0.634074521178533, 0.1426314683319277, 0.01600080339856716, 0.012254783116604029]}}