{"rmse": [83.97195145653038, 91.27671246726241, 113.70851974311196, 105.264216073149, 127.43206748985855, 71.71976085876862, 89.84409329671416, 78.30810371873017, 91.50630028978503, 123.5761142415917], "r": [0.9100598092891536, 0.9058841588194592, 0.8811482221218542, 0.8973845929462809, 0.7862812859349282, 0.955282105998384, 0.9323608515747813, 0.9281798960644864, 0.9166979600706435, 0.8719500305322715]}