{"fixed_comps": {"5": {"RF": [0.9180006183882153, 0.8763828763828764, 0.8295454545454546, 0.898033126293996, 0.974074074074074, 0.9123809523809524, 0.9669988925802879, 0.9677655677655679, 0.9157168412982366, 0.9391941391941393], "dense": [0.8651996151996152, 0.8799683767768873, 0.8438431938431938, 0.9116402116402116, 0.9738833517903286, 0.8533333333333334, 1.0, 0.938095238095238, 0.9669988925802879, 0.9143879376437517], "atomic": [0.7973338586813764, 0.7987528344671202, 0.7489316239316239, 0.7283549783549783, 0.8858024691358024, 0.8361904761904762, 0.8602105908029253, 0.7979591836734694, 0.8382417582417582, 0.8461538461538461], "random": [0.8899470899470899, 0.9012077294685992, 0.919990603711534, 0.8592592592592592, 0.79320987654321, 0.8822067854625995, 0.9418284386925503, 0.9669988925802879, 0.7805726941939567, 0.8613008065895603], "random-tr": [0.8884985116869175, 0.8637706855791962, 0.7308731320359227, 0.767996632996633, 0.824404761904762, 0.7991341991341991, 0.908843537414966, 0.8325563325563324, 0.7771871539313399, 0.8868027210884354], "pettifor": [0.8923881673881673, 0.8099687349687349, 0.8673934466617393, 0.9297791580400276, 0.8716931216931216, 0.7678083407275954, 0.8878293135435992, 0.8815089672232528, 0.9391941391941393, 0.9104761904761904], "mod_pettifor": [0.8654040404040404, 0.8009259259259258, 0.8295454545454546, 0.8019564414913253, 0.797872340425532, 0.9428571428571428, 0.9391941391941393, 0.938095238095238, 0.9721790404717233, 0.9396825396825396], "PTR": [0.8651996151996152, 0.8799683767768873, 0.8438431938431938, 0.9116402116402116, 0.9738833517903286, 0.8533333333333334, 1.0, 0.938095238095238, 0.9669988925802879, 0.9143879376437517]}, "10": {"RF": [0.9180006183882153, 0.8763828763828764, 0.8295454545454546, 0.898033126293996, 0.974074074074074, 0.9123809523809524, 0.9669988925802879, 0.9677655677655679, 0.9157168412982366, 0.9391941391941393], "dense": [0.9187266662876419, 0.9034532252617359, 0.894829244829245, 0.9363929146537843, 0.9738833517903286, 0.8784415584415584, 0.9677655677655679, 0.9669988925802879, 0.9391941391941393, 0.8847723704866562], "atomic": [0.885131508319914, 0.8209750566893423, 0.9249815225424981, 0.9424054206662902, 0.9444444444444444, 0.8361904761904762, 0.9722448979591836, 0.8281917418130044, 0.8896703296703297, 0.9428571428571428], "random": [0.9488196988196987, 0.874074074074074, 0.8129629629629629, 0.8398148148148148, 0.8958214624881291, 0.8047619047619047, 0.9391941391941393, 0.9157168412982366, 0.8324247181390038, 0.9142857142857143], "random-tr": [0.8285875758701846, 0.8467687074829932, 0.7771164021164021, 0.8033824640967497, 0.9030697563306259, 0.8505910165484634, 0.8837166085946574, 0.8325274725274726, 0.815282392026578, 0.966984126984127], "pettifor": [0.8902837902837903, 0.9133017101102207, 0.9249815225424981, 0.8714630779848171, 0.8979653288596379, 0.8182312925170069, 0.9419152276295133, 0.8587722836170041, 0.9391941391941393, 0.9372966577935523], "mod_pettifor": [0.8888888888888888, 0.7511724386724387, 0.8904040404040404, 0.8562271062271063, 0.9109929078014185, 0.9142414174972314, 0.9428571428571428, 0.938095238095238, 0.9721790404717233, 0.9104761904761904], "PTR": [0.9187266662876419, 0.9034532252617359, 0.894829244829245, 0.9363929146537843, 0.9738833517903286, 0.8784415584415584, 0.9677655677655679, 0.9669988925802879, 0.9391941391941393, 0.8847723704866562]}, "20": {"RF": [0.9180006183882153, 0.8763828763828764, 0.8295454545454546, 0.898033126293996, 0.974074074074074, 0.9123809523809524, 0.9669988925802879, 0.9677655677655679, 0.9157168412982366, 0.9391941391941393], "dense": [0.9187266662876419, 0.9133017101102207, 0.8717705510388437, 0.9363929146537843, 0.9738833517903286, 0.8786749482401657, 1.0, 0.9408163265306121, 0.9721790404717233, 0.9095342752485609], "atomic": [0.885131508319914, 0.8232838589981447, 0.8940646777856079, 0.9705467372134038, 0.9697530864197531, 0.8583850931677018, 0.9704620960434913, 0.8131106988249847, 0.8896703296703297, 0.9428571428571428], "random": [0.946967846967847, 0.874074074074074, 0.8363636363636364, 0.8666909134994241, 0.8931657848324515, 0.886031746031746, 0.9418284386925503, 0.9677655677655679, 0.8312925170068027, 0.9142857142857143], "random-tr": [0.88668430335097, 0.8339506172839505, 0.814182475158085, 0.8311602418745275, 0.9094017094017093, 0.8124957784532253, 0.8828676085818943, 0.8040270288717494, 0.8080586080586081, 0.966984126984127], "pettifor": [0.9187266662876419, 0.9133017101102207, 0.9249815225424981, 0.8961780929866036, 0.9487510766580534, 0.881904761904762, 0.9669988925802879, 0.9009966777408638, 0.9677655677655679, 0.9391941391941393], "mod_pettifor": [0.912962962962963, 0.8232838589981447, 0.894829244829245, 0.8825741890959282, 0.9317632850241545, 0.9180509413067552, 0.9739372822299651, 0.9347644603458558, 0.9669988925802879, 0.966984126984127], "PTR": [0.9187266662876419, 0.9133017101102207, 0.8717705510388437, 0.9363929146537843, 0.9738833517903286, 0.8786749482401657, 1.0, 0.9408163265306121, 0.9721790404717233, 0.9095342752485609]}}, "fixed_var": {"0.9": {"RF": [0.9180006183882153, 0.8763828763828764, 0.8295454545454546, 0.898033126293996, 0.974074074074074, 0.9123809523809524, 0.9669988925802879, 0.9677655677655679, 0.9157168412982366, 0.9391941391941393], "dense": [0.8056277056277056, 0.7013071895424836, 0.7473455485083391, 0.8041446208112875, 0.8932641432641432, 0.7409523809523809, 0.83393549539891, 0.91638616126421, 0.8228571428571428, 0.8324304267161409], "atomic": [0.7973338586813764, 0.7987528344671202, 0.7489316239316239, 0.7283549783549783, 0.8858024691358024, 0.8361904761904762, 0.8602105908029253, 0.7979591836734694, 0.8382417582417582, 0.8461538461538461], "random": [0.9470899470899471, 0.8209750566893423, 0.8668193563542401, 0.8666909134994241, 0.8958214624881291, 0.8563442768411712, 0.941702849995533, 0.9157168412982366, 0.8324247181390038, 0.8628571428571428], "random-tr": [0.8550485008818343, 0.7810760667903525, 0.8435185185185186, 0.8675925925925925, 0.8756754474839581, 0.8505910165484634, 0.908843537414966, 0.8457142857142858, 0.8175824175824176, 0.966984126984127], "pettifor": [0.8902837902837903, 0.8763828763828764, 0.8963443963443964, 0.869107744107744, 0.8756172839506173, 0.8552380952380952, 0.9669988925802879, 0.8529375386518243, 0.9695238095238097, 0.882051282051282], "mod_pettifor": [0.8654040404040404, 0.8009259259259258, 0.8295454545454546, 0.8019564414913253, 0.797872340425532, 0.9428571428571428, 0.9391941391941393, 0.938095238095238, 0.9721790404717233, 0.9396825396825396], "PTR": [0.8881724218933521, 0.8347162097162096, 0.8629629629629629, 0.9363929146537843, 0.9500661375661374, 0.8184807256235829, 0.9695238095238097, 0.938095238095238, 0.9174750830564784, 0.8575225439012814]}, "0.95": {"RF": [0.9180006183882153, 0.8763828763828764, 0.8295454545454546, 0.898033126293996, 0.974074074074074, 0.9123809523809524, 0.9669988925802879, 0.9677655677655679, 0.9157168412982366, 0.9391941391941393], "dense": [0.8386964886964887, 0.8324074074074074, 0.7294748748237121, 0.9088043556128661, 0.9500661375661374, 0.8227743271221533, 0.9374149659863946, 0.8849721706864563, 0.8781395348837209, 0.8856793999651142], "atomic": [0.885131508319914, 0.7598639455782313, 0.9249815225424981, 0.8756754474839581, 0.9444444444444444, 0.8784415584415584, 0.9695238095238097, 0.8281917418130044, 0.8896703296703297, 0.9143879376437517], "random": [0.9124881291547958, 0.874074074074074, 0.8668193563542401, 0.8689294157379264, 0.8958214624881291, 0.8054566507454045, 0.9721790404717233, 0.9677655677655679, 0.8312925170068027, 0.9142857142857143], "random-tr": [0.88668430335097, 0.7558045440398382, 0.837950937950938, 0.7648593780946722, 0.9094017094017093, 0.8501035196687371, 0.908843537414966, 0.8330158730158731, 0.8600911283838114, 0.908919854208608],