{"fixed_comps": {"5": [0.6642708162946317, 0.5754347893702166, 0.0003587869409282103, 0.12830053931562257, 0.0026121696278051856, 0.0884495887270989, 0.176408429354117, 0.5754347893702166], "10": [0.6642708162946317, 0.7777930993123529, 0.3282352977282648, 0.10164157596283022, 0.014274057773997607, 0.31694223451140824, 0.3205301328166018, 0.7777930993123529], "20": [0.6642708162946317, 0.828604403759643, 0.37731339709549994, 0.2740463564760871, 0.019633412803795124, 0.780855044621652, 0.6755684830988851, 0.828604403759643]}, "fixed_var": {"0.9": [0.6642708162946317, 0.0009605909975108205, 0.0003587869409282103, 0.10379408928415879, 0.02808086160222633, 0.23272636409263286, 0.176408429354117, 0.30475173380466236], "0.95": [0.6642708162946317, 0.06403378984965832, 0.1942927528488776, 0.22389186919120474, 0.016087799077667705, 0.7542959105980728, 0.3205301328166018, 0.7866983985070648], "0.99": [0.6642708162946317, 0.6270513897232735, 0.40564417595784036, 0.06602933483375639, 0.013537373667692134, 0.5911727731933447, 0.7971588308920512, 0.8837831547363145]}}