{"fixed_comps": {"5": [0.6716916209771355, 0.0004629611271230344, 0.0007410124512976738, 0.2566448203920824, 0.005236085516153243, 0.1769859410038723, 0.3534248868015033, 0.8491331962497628], "10": [0.6716916209771355, 0.03375703977581442, 0.6564733118889778, 0.20335431204747378, 0.02855571586903395, 0.6344652364420058, 0.641092535518094, 0.446224889643311], "20": [0.6716916209771355, 0.0317452797648619, 0.7546399201384941, 0.5483676382047308, 0.03928351387981936, 0.44159584515091277, 0.6490760604628474, 0.34388077725823063]}, "fixed_var": {"0.9": [0.6716916209771355, 5.061961281310164e-05, 0.0007410124512976738, 0.20867142035614275, 0.05635445312444813, 0.4662576190450536, 0.3534248868015033, 0.6095376860967019], "0.95": [0.6716916209771355, 2.4216979466242707e-05, 0.38862702018184503, 0.44780917990192126, 0.03217560874527699, 0.49454950991776836, 0.641092535518094, 0.4268098394816915], "0.99": [0.6716916209771355, 0.016000261914316756, 0.8112883881255004, 0.1329312754996866, 0.0284423413920476, 0.8179650103372986, 0.4057679533751941, 0.2324963148377424]}}