{"rmse": [266.821566934771, 200.4689769732062, 235.16343300190744, 309.7673940601674, 223.0070629749969, 294.9689572112432, 267.70824978273964, 277.68654214188024, 399.64918474461604, 215.69463623116195], "r": [0.9166996386631084, 0.9403128977111174, 0.8701911428861844, 0.8021613162692849, 0.9283370782964677, 0.784371799829469, 0.7865634023109331, 0.838790128764299, 0.7098580817363204, 0.9001405026339353]}