{"fixed_comps": {"5": [0.05243804449893461, 0.18119112867057435, 0.07020010121762152, 0.1884706143204093, 0.09606994039651628, 0.11097353550523748, 0.12292735939346625, 0.05541619565173002], "10": [0.05243804449893461, 0.1280015555517595, 0.061524484198520975, 0.12083647187219501, 0.0687512781749996, 0.09257965724939538, 0.0629976515850338, 0.04371711138306799], "20": [0.05243804449893466, 0.09806765756578825, 0.08431906020506477, 0.11982402614988345, 0.0749839221664489, 0.08791036388097437, 0.06609725102246931, 0.0343118825548456]}, "fixed_var": {"0.9": [0.05243804449893466, 0.8115533042011768, 0.26481437688023135, 0.12601790565762516, 0.05556312571053334, 0.11097353550523756, 0.16836357558684575, 0.12706675595203348], "0.95": [0.05243804449893461, 0.4322066125250916, 0.07202404199708023, 0.1282289238771318, 0.06875127817499957, 0.11502386780451485, 0.10906746049464672, 0.06297945890366397], "0.99": [0.05243804449893461, 0.18119112867057424, 0.06663109899004611, 0.119824026149883, 0.05051307856174604, 0.094506533445266, 0.077088882191795, 0.03184988408586079]}}