{"fixed_comps": {"5": [0.02613437885486906, 0.027360623470754027, 0.034989589127406066, 0.09416156872343182, 0.04802186718067039, 0.055335584415722644, 0.06138962253297462, 0.027360623470754], "10": [0.02613437885486906, 0.021826251989852854, 0.03041648728841649, 0.06036946835635914, 0.033892481517623196, 0.046251442330670155, 0.03133092551595323, 0.021826251989852746], "20": [0.02613437885486906, 0.01688645990770951, 0.04175090220584265, 0.059898272037087294, 0.03698899693345769, 0.04360400644167073, 0.03265519242987574, 0.01688645990770951]}, "fixed_var": {"0.9": [0.02613437885486906, 0.9149819782974833, 0.13212462645280212, 0.0630086631289908, 0.027751974774391546, 0.05533558441572268, 0.08409618042955545, 0.06335791152706784], "0.95": [0.02613437885486906, 0.528368339042381, 0.03588853335996324, 0.06404121904525234, 0.0338924815176233, 0.05742107493815837, 0.054374918071630085, 0.03118427214403824], "0.99": [0.026134378854869033, 0.027360623470754027, 0.03306916549452755, 0.059898272037087294, 0.024794484783647753, 0.046988689935046714, 0.03810534315566619, 0.01570365622071557]}}