{"fixed_comps": {"5": [0.973865621145131, 0.972639376529246, 0.9650104108725939, 0.9058384312765682, 0.9519781328193299, 0.9446644155842774, 0.9386103774670254, 0.972639376529246], "10": [0.973865621145131, 0.9781737480101471, 0.9695835127115835, 0.9396305316436409, 0.9661075184823766, 0.9537485576693299, 0.9686690744840467, 0.9781737480101472], "20": [0.973865621145131, 0.9831135400922905, 0.9582490977941575, 0.9401017279629127, 0.9630110030665423, 0.9563959935583293, 0.9673448075701242, 0.9831135400922905]}, "fixed_var": {"0.9": [0.973865621145131, 0.08501802170251681, 0.8678753735471978, 0.936991336871009, 0.9722480252256085, 0.9446644155842774, 0.9159038195704445, 0.9366420884729322], "0.95": [0.973865621145131, 0.471631660957619, 0.9641114666400369, 0.9359587809547477, 0.9661075184823767, 0.9425789250618416, 0.9456250819283699, 0.9688157278559617], "0.99": [0.973865621145131, 0.972639376529246, 0.9669308345054725, 0.9401017279629127, 0.9752055152163522, 0.9530113100649533, 0.9618946568443337, 0.9842963437792844]}}