{"fixed_comps": {"5": [[1.0, 0.00018994360051218109, 0.016764962189765566, 0.004079764185347992, 0.2527065134556951, 0.008663129764353137, NaN], [0.0, 1.0, 0.48548683518383373, 0.7650739847133554, 0.037826987961276384, 0.09159408745506205, 0.00018994360051218109], [0.0, 0.0, 1.0, 0.25944555195597047, 0.4061129714188175, 0.7047119324401494, 0.016764962189765566], [0.0, 0.0, 0.0, 1.0, 0.04536868945725749, 0.10933251343912573, 0.004079764185347992], [0.0, 0.0, 0.0, 0.0, 1.0, 0.39780549047500513, 0.2527065134556951], [0.0, 0.0, 0.0, 0.0, 0.0, 1.0, 0.008663129764353137], [0.0, 0.0, 0.0, 0.0, 0.0, 0.0, 1.0]], "10": [[1.0, 0.13508582664057756, 0.00020675949254058684, 0.009427339329278507, 0.10344959218770705, 0.003492302901355686, NaN], [0.0, 1.0, 0.092034526176118, 0.02540905604632439, 0.9693904711597738, 0.9964826470911128, 0.13508582664057756], [0.0, 0.0, 1.0, 0.5579251336328699, 0.03637671442312135, 0.009233041239644501, 0.00020675949254058684], [0.0, 0.0, 0.0, 1.0, 0.023591228499962865, 0.051445979671792166, 0.009427339329278507], [0.0, 0.0, 0.0, 0.0, 1.0, 0.9603578083699271, 0.10344959218770705], [0.0, 0.0, 0.0, 0.0, 0.0, 1.0, 0.003492302901355686], [0.0, 0.0, 0.0, 0.0, 0.0, 0.0, 1.0]], "20": [[1.0, 0.2517177893360664, 0.00162628663816043, 0.0062807444390973, 0.8768868464859871, 0.1383152785316685, NaN], [0.0, 1.0, 0.029761956068627086, 0.005104346349724133, 0.1677065399689993, 0.9717890812777947, 0.2517177893360664], [0.0, 0.0, 1.0, 0.37489805373349316, 0.0024056778999673426, 0.12631409494600374, 0.00162628663816043], [0.0, 0.0, 0.0, 1.0, 0.003144873491631284, 0.10455847990898207, 0.0062807444390973], [0.0, 0.0, 0.0, 0.0, 1.0, 0.186269308953601, 0.8768868464859871], [0.0, 0.0, 0.0, 0.0, 0.0, 1.0, 0.1383152785316685], [0.0, 0.0, 0.0, 0.0, 0.0, 0.0, 1.0]]}, "fixed_var": {"0.9": [[1.0, 0.01858572905780611, 0.0008985455151930048, 0.1300119244550161, 0.014583771725678025, 0.20922857897921557, 0.0001177219786531052], [0.0, 1.0, 0.09599242211417122, 0.04186960524703886, 0.5585318951804549, 0.3506400897059603, 0.09504151729263613], [0.0, 0.0, 1.0, 0.014174164051761333, 0.39039526848585515, 0.014246852281603902, 0.986426285008932], [0.0, 0.0, 0.0, 1.0, 0.046885559112892154, 0.9904674390555852, 0.009530392229581519], [0.0, 0.0, 0.0, 0.0, 1.0, 0.054788683388498, 0.37110578498509084], [0.0, 0.0, 0.0, 0.0, 0.0, 1.0, 0.018059074540424467], [0.0, 0.0, 0.0, 0.0, 0.0, 0.0, 1.0]], "0.95": [[1.0, 0.07579784125830624, 0.279732548069361, 0.43573475163527764, 0.19465011085609607, 0.15077847650841403, 0.002765527268128918], [0.0, 1.0, 0.23813166980485265, 0.007591292105329592, 0.8504772526580158, 0.6746807967843544, 0.32334165894379385], [0.0, 0.0, 1.0, 0.0500205601157322, 0.2878420219078745, 0.550850742942185, 0.04151720889218428], [0.0, 0.0, 0.0, 1.0, 0.020448098738844567, 0.04610511480972708, 0.0068972814681169505], [0.0, 0.0, 0.0, 0.0, 1.0, 0.7616206789725318, 0.2674747054406404], [0.0, 0.0, 0.0, 0.0, 0.0, 1.0, 0.028968610785551258], [0.0, 0.0, 0.0, 0.0, 0.0, 0.0, 1.0]], "0.99": [[1.0, 0.7431622000561016, 0.006674768537882114, 0.03459910032205733, 0.5688892437918167, 0.2993851481863708, 0.001452197516859111], [0.0, 1.0, 0.013279359581320265, 0.02636511971754512, 0.416116270634067, 0.24306604186967834, 0.01793587488246001], [0.0, 0.0, 1.0, 0.737274750703143, 0.00909812871451707, 0.002175018019372232, 2.0554841536208245e-05], [0.0, 0.0, 0.0, 1.0, 0.0005358557304804676, 0.001989878133673843, 0.0006773387901461568], [0.0, 0.0, 0.0, 0.0, 1.0, 0.34125871055146484, 0.03587215442423411], [0.0, 0.0, 0.0, 0.0, 0.0, 1.0, 0.0456756305512726], [0.0, 0.0, 0.0, 0.0, 0.0, 0.0, 1.0]]}}