{"fixed_comps": {"5": {"RF": [0.9180006183882153, 0.8763828763828764, 0.8295454545454546, 0.898033126293996, 0.974074074074074, 0.9123809523809524, 0.9669988925802879, 0.9677655677655679, 0.9157168412982366, 0.9391941391941393], "dense": [0.8651996151996152, 0.8799683767768873, 0.8438431938431938, 0.9116402116402116, 0.9738833517903286, 0.8533333333333334, 1.0, 0.938095238095238, 0.9669988925802879, 0.9143879376437517], "atomic": [0.8385361552028219, 0.8099687349687349, 0.7386055678738606, 0.849537037037037, 0.918327796234773, 0.8370985603543742, 0.9098560354374308, 0.8536796536796536, 0.8263203463203463, 0.8613919413919413], "random": [0.8096878717033756, 0.8644781144781144, 0.919990603711534, 0.8133551830360342, 0.8487654320987654, 0.7799171842650102, 0.9721790404717233, 0.8872727272727273, 0.8546335170919889, 0.8628571428571428], "random-tr": [0.885131508319914, 0.7404761904761905, 0.8438431938431938, 0.7763071895424836, 0.8467687074829932, 0.802886002886003, 0.9106227106227106, 0.8457142857142858, 0.8241558441558441, 0.9095342752485609], "pettifor": [0.9444444444444444, 0.8099687349687349, 0.8076442721791559, 0.8675925925925925, 0.9043586269196024, 0.966984126984127, 0.8857142857142857, 0.8787744555186415, 0.9391941391941393, 0.8724885302958393], "mod_pettifor": [0.8854120919338311, 0.8232838589981447, 0.7474747474747475, 0.8297415145241231, 0.8774154589371981, 0.8305504019789733, 0.9391941391941393, 0.938095238095238, 0.9216117216117216, 0.9131972789115647], "PTR": [0.8651996151996152, 0.8799683767768873, 0.8438431938431938, 0.9116402116402116, 0.9738833517903286, 0.8533333333333334, 1.0, 0.938095238095238, 0.9669988925802879, 0.9143879376437517]}, "10": {"RF": [0.9180006183882153, 0.8763828763828764, 0.8295454545454546, 0.898033126293996, 0.974074074074074, 0.9123809523809524, 0.9669988925802879, 0.9677655677655679, 0.9157168412982366, 0.9391941391941393], "dense": [0.9187266662876419, 0.9034532252617359, 0.894829244829245, 0.9363929146537843, 0.9738833517903286, 0.8784415584415584, 0.9677655677655679, 0.9669988925802879, 0.9391941391941393, 0.8847723704866562], "atomic": [0.8779992617201919, 0.7652030509173365, 0.8473597766280693, 0.930864197530864, 0.9738833517903286, 0.8619047619047618, 0.9392437905394717, 0.8922448979591836, 0.916813186813187, 0.966984126984127], "random": [0.8750993838203142, 0.8113790970933827, 0.8673934466617393, 0.8742165242165242, 0.8958214624881291, 0.7667004390408647, 0.9418284386925503, 0.9157168412982366, 0.8175824175824177, 0.8476190476190476], "random-tr": [0.912962962962963, 0.7828798185941044, 0.7564364575992483, 0.8648390616475723, 0.8499158249158248, 0.7949736180739221, 0.9418284386925503, 0.8125771238728049, 0.8, 0.966984126984127], "pettifor": [0.9731618510688279, 0.8232838589981447, 0.8907407407407406, 0.8429246876055387, 0.8925495262704565, 0.8571428571428571, 0.9669988925802879, 0.9074481074481074, 0.9125601460096232, 0.9131972789115647], "mod_pettifor": [0.912962962962963, 0.8763828763828764, 0.8569708715057552, 0.8849206349206349, 0.9034532252617359, 0.8317460317460318, 0.9391941391941393, 0.9669988925802879, 0.914339319217368, 0.8864090316977855], "PTR": [0.9187266662876419, 0.9034532252617359, 0.894829244829245, 0.9363929146537843, 0.9738833517903286, 0.8784415584415584, 0.9677655677655679, 0.9669988925802879, 0.9391941391941393, 0.8847723704866562]}, "20": {"RF": [0.9180006183882153, 0.8763828763828764, 0.8295454545454546, 0.898033126293996, 0.974074074074074, 0.9123809523809524, 0.9669988925802879, 0.9677655677655679, 0.9157168412982366, 0.9391941391941393], "dense": [0.9187266662876419, 0.9133017101102207, 0.8717705510388437, 0.9363929146537843, 0.9738833517903286, 0.8786749482401657, 1.0, 0.9408163265306121, 0.9721790404717233, 0.9095342752485609], "atomic": [0.9439696106362773, 0.7828798185941044, 0.894829244829245, 0.9424054206662902, 0.9697530864197531, 0.8632034632034632, 0.9428571428571428, 0.9132415757000475, 0.8630363364858137, 0.966984126984127], "random": [0.8779992617201919, 0.8113790970933827, 0.8670514670514671, 0.9002919785528481, 0.8931657848324515, 0.8460558691561731, 0.9409523809523811, 0.883970809552205, 0.8742857142857143, 0.9142857142857143], "random-tr": [0.912962962962963, 0.7507407407407407, 0.7886483886483887, 0.8736050986050985, 0.9419753086419753, 0.8460558691561731, 0.941702849995533, 0.8325563325563324, 0.8585034013605443, 0.9380387728213815], "pettifor": [0.9454526954526954, 0.8232838589981447, 0.9203273040482343, 0.8746376811594203, 0.974074074074074, 0.8857142857142857, 0.9669988925802879, 0.9669988925802879, 0.9669988925802879, 0.966984126984127], "mod_pettifor": [0.941077441077441, 0.9041747259832366, 0.8569708715057552, 0.8574234407567741, 0.9148148148148147, 0.8259489302967564, 0.914339319217368, 0.9669988925802879, 0.9721790404717233, 0.9372966577935523], "PTR": [0.9187266662876419, 0.9133017101102207, 0.8717705510388437, 0.9363929146537843, 0.9738833517903286, 0.8786749482401657, 1.0, 0.9408163265306121, 0.9721790404717233, 0.9095342752485609]}}, "fixed_var": {"0.9": {"RF": [0.9180006183882153, 0.8763828763828764, 0.8295454545454546, 0.898033126293996, 0.974074074074074, 0.9123809523809524, 0.9669988925802879, 0.9677655677655679, 0.9157168412982366, 0.9391941391941393], "dense": [0.8056277056277056, 0.7013071895424836, 0.7473455485083391, 0.8041446208112875, 0.8932641432641432, 0.7409523809523809, 0.83393549539891, 0.91638616126421, 0.8228571428571428, 0.8324304267161409], "atomic": [0.8555124892334196, 0.7652030509173365, 0.8212655005337931, 0.8734299516908214, 0.9738833517903286, 0.8364924997483137, 0.9098560354374308, 0.8327433806503574, 0.8111278195488723, 0.9391941391941393], "random": [0.8746322583531886, 0.8113790970933827, 0.919990603711534, 0.9408902691511388, 0.8958214624881291, 0.8460558691561731, 0.9721790404717233, 0.9157168412982366, 0.9090414347557205, 0.8894795127353267], "random-tr": [0.8628030023378861, 0.7688492063492064, 0.7564364575992483, 0.8027777777777777, 0.913112491373361, 0.8275926971579145, 0.9132570101211217, 0.8325274725274726, 0.8045421245421245, 0.8992014196983141], "pettifor": [0.9213099992169761, 0.8099687349687349, 0.7758417508417508, 0.8077165545250651, 0.9043586269196024, 0.9376705833848691, 0.9003322259136213, 0.879076479076479, 0.9391941391941393, 0.8829931972789116], "mod_pettifor": [0.8553585500394012, 0.7624183006535947, 0.7474747474747475, 0.8297415145241231, 0.7940844616376532, 0.7989731199033524, 0.8842490842490842, 0.8539682539682539, 0.9391941391941393, 0.9131972789115647], "PTR": [0.8881724218933521, 0.8347162097162096, 0.8629629629629629, 0.9363929146537843, 0.9500661375661374, 0.8184807256235829, 0.9695238095238097, 0.938095238095238, 0.9174750830564784, 0.8575225439012814]}, "0.95": {"RF": [0.9180006183882153, 0.8763828763828764, 0.8295454545454546, 0.898033126293996, 0.974074074074074, 0.9123809523809524, 0.9669988925802879, 0.9677655677655679, 0.9157168412982366, 0.9391941391941393], "dense": [0.8386964886964887, 0.8324074074074074, 0.7294748748237121, 0.9088043556128661, 0.9500661375661374, 0.8227743271221533, 0.9374149659863946, 0.8849721706864563, 0.8781395348837209, 0.8856793999651142], "atomic": [0.9181227185103155, 0.7828798185941044, 0.9005707481317238, 0.930864197530864, 0.9738833517903286, 0.8632034632034632, 0.9392437905394717, 0.9132415757000475, 0.8657247514390372, 0.966984126984127], "random": [0.9021164021164021, 0.8113790970933827, 0.8963443963443964, 0.8666909134994241, 0.8931657848324515, 0.8262321529402274, 0.9409523809523811, 0.9155844155844156, 0.9090414347557205, 0.9391941391941393], "random-tr": [0.9150362987572289, 0.7542279942279941, 0.7564364575992483, 0.9006754474839581, 0.8499158249158248, 0.8460558691561731, 0.908843537414966, 0.833951762523191, 0.8541939566524284, 0.9104761904761904],