{"fixed_comps": {"5": {"dense": {"rmse": [200.80366865205755, 197.98012907751072, 222.3728423245647, 286.040463091935, 201.89952061571893, 231.01349091804516, 172.37473496118756, 194.4836799157836, 327.06754308826737, 214.49082183408393], "r": [0.9545096142173244, 0.9308952300520318, 0.8837548832990437, 0.8371830147638588, 0.9440690667085976, 0.8629598252046184, 0.9113466669003822, 0.9243981181512558, 0.8169727891797507, 0.9014634661019757]}, "atomic": {"rmse": [226.58144855182664, 180.7715221410932, 237.12668762862208, 250.1302153843298, 181.83811049498107, 232.32781033556455, 179.58008713703768, 197.75465134957128, 340.2558334723326, 224.49449491096198], "r": [0.9382442688652042, 0.9398403909295676, 0.8624462913765841, 0.872472979744253, 0.9520619707910093, 0.8598966758653108, 0.9127584330286417, 0.9205251046516613, 0.8046033456899521, 0.8922710101352]}, "random": {"rmse": [186.6689389965159, 183.17924800114994, 263.66272427002076, 282.0336176059165, 194.2254261300768, 261.75681083149294, 233.37292176781878, 189.27824771311197, 328.15681458299457, 177.5032090456994], "r": [0.9666410256824455, 0.9382724673495149, 0.8475734772612531, 0.8472841209081513, 0.9430126053707444, 0.8202844114762219, 0.8442439824052996, 0.9305115208372797, 0.8152650292062423, 0.9342781307337633]}, "random-tr": {"rmse": [240.61783897037643, 158.49134822669575, 219.00783915620556, 269.9839865711074, 206.5380309403015, 263.63636964086277, 216.9534496853059, 235.07105154558164, 351.24404492775835, 216.64421966903737], "r": [0.9316529377655491, 0.9608678065003644, 0.8913755090023054, 0.850835463448039, 0.937824870935662, 0.8326940058339307, 0.8605312872994916, 0.8888290342924468, 0.7877831061429629, 0.9005471049426926]}, "pettifor": {"rmse": [256.0508511089766, 176.9447841652094, 283.57799653746804, 249.7907681765573, 180.27147607198924, 244.88793647040828, 216.46843464450777, 219.31012566720483, 354.44617842167094, 174.81258229013122], "r": [0.9209892971906699, 0.9410928627912002, 0.8244016387579799, 0.8765555374310439, 0.9552551599730452, 0.8500402903643927, 0.8785616427969773, 0.9019277822286458, 0.7823945935185309, 0.936686557740929]}, "mod_pettifor": {"rmse": [232.57489659799617, 158.82763477966526, 237.3086377432238, 287.1819157965403, 209.11176048727862, 277.3619998275241, 174.6261919198398, 197.83741861266301, 330.0987584270209, 237.90904850026806], "r": [0.9361820836167711, 0.9562555228184717, 0.8679427223905152, 0.8345563257596827, 0.9352847585516072, 0.7972555195508033, 0.9134391164023283, 0.9216021563625639, 0.8141044083610589, 0.8803475961801591]}, "PTR": {"rmse": [198.3322358130604, 191.53477868726299, 223.62945676671995, 278.3537202784461, 213.10647096747365, 229.80937486125322, 170.00592395515224, 195.69684812969442, 326.53105998461353, 219.28102547742412], "r": [0.9562407743638055, 0.937977844525878, 0.8824828739577272, 0.8440353745500345, 0.9354655395903017, 0.8652281698525282, 0.9125355755807377, 0.9247679574010078, 0.8172168132158102, 0.8965680436126993]}}, "10": {"dense": {"rmse": [185.45950076594022, 210.0512800057763, 202.50119412264226, 271.9685250148793, 189.07998462848073, 222.5025079293657, 176.0642332658341, 169.9279394913357, 326.9629930524047, 194.01006206828185], "r": [0.960640225158349, 0.9232846183047125, 0.8999472021707146, 0.8477443769497858, 0.9538921860161327, 0.8835527465826608, 0.9106591928772553, 0.9432459322747078, 0.8166076786207099, 0.9214556982411359]}, "atomic": {"rmse": [182.0231138980971, 212.09201237257622, 231.04252556838364, 236.65340486563767, 169.23023990123806, 228.1638691378653, 174.13203334553336, 179.7252764884861, 322.5463174056721, 194.67833010534463], "r": [0.9627900918370983, 0.9160548479863443, 0.8713845535547898, 0.8880666114103327, 0.9588272717906317, 0.8672701015049583, 0.908350746213082, 0.934766352545717, 0.8256065684589166, 0.9200673719163038]}, "random": {"rmse": [189.8533170928961, 209.0729675087977, 225.96260544326768, 271.5469232221851, 178.79550534681402, 233.84057137852795, 205.17905059986248, 165.40889798117306, 299.7353153375638, 185.70000310354084], "r": [0.9626795632249402, 0.919958150732838, 0.8805609365742143, 0.8520439064033597, 0.9534636546905542, 0.8665264713630405, 0.8745072536958276, 0.9459088623827663, 0.8501296239466932, 0.9275776935882797]}, "random-tr": {"rmse": [193.31909139785645, 193.79883470714512, 223.01692441763603, 270.40475501011684, 178.5343138444805, 230.8424770138991, 215.61356098885759, 172.7721873583072, 325.8423942134147, 176.55196241015906], "r": [0.9579882891397813, 0.9346152660393092, 0.8818192759697137, 0.8541851330033042, 0.9580288558702875, 0.867309435450642, 0.8612690830384252, 0.9421568010648853, 0.8188392170186386, 0.9342458978529574]}, "pettifor": {"rmse": [184.20319095000653, 171.91865871507628, 245.87138473397854, 247.75757196354678, 177.4799251025733, 231.7660539171089, 211.55337185189205, 193.10363529507495, 331.9924636069959, 198.5756792879504], "r": [0.9631854322482085, 0.945003489346489, 0.8549867205566188, 0.8758726875539786, 0.9557536528940139, 0.8611030475522393, 0.8643481602419489, 0.9253399015575683, 0.8125221312819464, 0.9163861261520004]}, "mod_pettifor": {"rmse": [235.68969891297212, 163.30805203778715, 241.37270608590717, 276.72778543037964, 217.92582427067407, 252.86300179703548, 228.51546697901716, 188.23054332376003, 328.28080566982146, 186.35976889322146], "r": [0.9339176406561188, 0.9558116102944776, 0.8617925636569449, 0.8488292040003275, 0.9288441883686573, 0.8331854158375113, 0.8457466627152769, 0.9295043049191924, 0.8165466507418057, 0.929391247078606]}, "PTR": {"rmse": [182.8138479404271, 200.4644939804381, 213.2649435502859, 265.82060148325405, 187.1121789155065, 215.94271471427209, 160.30756528934512, 190.162868419688, 337.99860460381035, 198.03750379918665], "r": [0.9628181759927078, 0.9289200433450192, 0.8900385317868438, 0.854957703874516, 0.9540974933989351, 0.8874288266169026, 0.9280514882985295, 0.9273462754606575, 0.801976246743582, 0.9187495034531619]}}, "20": {"dense": {"rmse": [195.21212073317957, 201.1642388474448, 200.7528392063419, 255.09776311680744, 197.86362623223098, 223.6081167595824, 174.22218129855733, 178.42042213124643, 336.15007831163166, 198.67584822677006], "r": [0.957370275374728, 0.930575016434923, 0.9022216557494216, 0.8690754056410127, 0.9470531966954868, 0.8804337126231919, 0.9143259095965776, 0.9373019817363597, 0.804631474021396, 0.9180083318043832]}, "atomic": {"rmse": [182.02122560107625, 211.24940702281256, 224.2278529705356, 255.76226484313113, 177.06218695096666, 233.09091729554208, 179.08742912777296, 188.8857642276377, 330.67854670927136, 196.17216898972237], "r": [0.962443562923157, 0.9167275645669212, 0.8779456118363084, 0.8671992146122048, 0.9569989515321173, 0.8617131118283419, 0.9049652911420563, 0.927898512494418, 0.8146311191313478, 0.918250088949546]}, "random": {"rmse": [189.39234184703693, 199.9570878793093, 244.27467905965233, 267.47497654500256, 216.10772569361785, 254.19354259352457, 206.5574782492757, 162.50107853170704, 328.69249397857834, 180.0265847938001], "r": [0.9608035598248771, 0.9294885498094595, 0.8584127700617747, 0.8576054426631701, 0.9311304616281303, 0.8375450008667232, 0.8758060620896502, 0.9474072699082341, 0.8161736176253478, 0.9319128071490342]}, "random-tr": {"rmse": [193.6521261373657, 198.6819506872934, 211.1297947600682, 271.09477975789, 190.47165368815752, 227.7900424932292, 212.64056114874987, 185.74980298642765, 337.7014120171502, 166.16608699624132], "r": [0.9593264324967772, 0.9338546120768795, 0.8922405020563501, 0.8518413079698461, 0.9514145095413835, 0.8756642747230883, 0.869742540395484, 0.9340993933458082, 0.8050587544293974, 0.9420643015389744]}, "pettifor": {"rmse": [198.70212975092903, 190.56593927461347, 206.75810097553637, 250.42941045979475, 190.5424856223877, 229.28839839939505, 202.63837705479884, 191.10583336041213, 337.8353554903996, 175.1779575489722],