{"fixed_comps": {"5": [[1.0, 0.13759277194831293, 0.0006514166787756393, 0.0009079264481855178, 0.06439615833754311, 0.2740229135461553, 0.601152582615857], [0.0, 1.0, 0.0016105096731154776, 0.004705092887413805, 0.8126784695839281, 0.017333764934471155, 0.12843435385268473], [0.0, 0.0, 1.0, 0.21497131572616016, 0.003811287164103731, 0.00012107884840791549, 0.00041398777861208035], [0.0, 0.0, 0.0, 1.0, 0.0025580449988016805, 0.00014192957639619388, 0.0009457541456673327], [0.0, 0.0, 0.0, 0.0, 1.0, 0.009875397418548268, 0.09013756964400604], [0.0, 0.0, 0.0, 0.0, 0.0, 1.0, 0.18699414200864764], [0.0, 0.0, 0.0, 0.0, 0.0, 0.0, 1.0]], "10": [[1.0, 0.09346388698843772, 0.07469420153100852, 0.005993095233617377, 0.023101996372860437, 0.2697965751494125, 0.7513936057605187], [0.0, 1.0, 0.755666050625446, 0.019902304048113793, 0.8707868514660334, 0.1471999219207222, 0.11350851063364549], [0.0, 0.0, 1.0, 0.010568636839794839, 0.9702986619138696, 0.2019119234062929, 0.08233699792169907], [0.0, 0.0, 0.0, 1.0, 0.031060103881369996, 0.00023011163501848205, 0.005266746157763969], [0.0, 0.0, 0.0, 0.0, 1.0, 0.18065248883479926, 0.02592122882082189], [0.0, 0.0, 0.0, 0.0, 0.0, 1.0, 0.3009440592908772], [0.0, 0.0, 0.0, 0.0, 0.0, 0.0, 1.0]], "20": [[1.0, 0.17750382613755838, 0.2567968397479034, 0.01472461958384906, 0.14933265779260513, 0.50094981826953, 0.0882483675173214], [0.0, 1.0, 0.7809531074934838, 0.019994877125509868, 0.9711269292119389, 0.4280479422573339, 0.09028658181395179], [0.0, 0.0, 1.0, 0.0007125999725440714, 0.8028961224430027, 0.47428002245112755, 0.14420243727150453], [0.0, 0.0, 0.0, 1.0, 0.0797168908891003, 0.012280612827321322, 0.008169948272656971], [0.0, 0.0, 0.0, 0.0, 1.0, 0.457721014657938, 0.08524459721575985], [0.0, 0.0, 0.0, 0.0, 0.0, 1.0, 0.24936245085634368], [0.0, 0.0, 0.0, 0.0, 0.0, 0.0, 1.0]]}, "fixed_var": {"0.9": [[1.0, 0.002968935937149981, 0.21481317866490307, 0.26476467085701555, 0.047965450344446055, 0.00042398934051004436, 9.631109036433686e-05], [0.0, 1.0, 0.036495514164419415, 0.004950815980521005, 0.10194948332970413, 0.13650235205947828, 0.023783620810707114], [0.0, 0.0, 1.0, 0.026694845384441133, 0.6659796508310882, 0.0024434917058918653, 0.6833176576439086], [0.0, 0.0, 0.0, 1.0, 0.03208766951443711, 0.0003161819528385015, 0.03320403792613321], [0.0, 0.0, 0.0, 0.0, 1.0, 0.00837279678975508, 0.8160443957329673], [0.0, 0.0, 0.0, 0.0, 0.0, 1.0, 0.003607163409659992], [0.0, 0.0, 0.0, 0.0, 0.0, 0.0, 1.0]], "0.95": [[1.0, 0.0010807617138235796, 2.9701142668573006e-05, 0.701355190363817, 0.001517079468728677, 0.00013752229973223288, 2.8237725904097493e-05], [0.0, 1.0, 0.7012397487304372, 0.002508373805253845, 0.4244505471009068, 0.3939146177820638, 0.6403378874849723], [0.0, 0.0, 1.0, 0.0011104750064310927, 0.4155179733235922, 0.21914374933879735, 0.8233984218478088], [0.0, 0.0, 0.0, 1.0, 0.03560833448531348, 6.761460611721056e-05, 0.014380525566387106], [0.0, 0.0, 0.0, 0.0, 1.0, 0.06282773999345838, 0.5023339548867026], [0.0, 0.0, 0.0, 0.0, 0.0, 1.0, 0.2648783475876949], [0.0, 0.0, 0.0, 0.0, 0.0, 0.0, 1.0]], "0.99": [[1.0, 0.31401799385940293, 0.3752605223020987, 0.005066305249529053, 0.17340041215184793, 0.6992521779663639, 0.05782293813448658], [0.0, 1.0, 0.8837337648555589, 0.012283687574342774, 0.7569781074515285, 0.19152394990213933, 0.08564140838885709], [0.0, 0.0, 1.0, 0.0016329410618913212, 0.6255011125186246, 0.1990083949025596, 0.09360153876598698], [0.0, 0.0, 0.0, 1.0, 0.07330933520764568, 0.0009060761947051756, 0.002834913030675928], [0.0, 0.0, 0.0, 0.0, 1.0, 0.1102859568074002, 0.012205304602104542], [0.0, 0.0, 0.0, 0.0, 0.0, 1.0, 0.49103183865017885], [0.0, 0.0, 0.0, 0.0, 0.0, 0.0, 1.0]]}}