{"fixed_comps": {"5": {"dense": {"rmse": [81.28362949893582, 94.76644270880568, 101.15869559714413, 97.94674822994104, 89.92391987567166, 103.95209062010511, 88.98178101925349, 94.33145303120472, 83.91778203585682, 88.18744702932345], "r": [0.9164702634546219, 0.9014708413983814, 0.9054601858167045, 0.9102684676834834, 0.8958567197829475, 0.8989674400713081, 0.9320304932008092, 0.8948366539190877, 0.9308529007230021, 0.9408846153972237]}, "atomic": {"rmse": [92.54131998674384, 97.5556862606935, 135.91328434596858, 99.13671338121101, 88.87362107974722, 89.89349449457067, 75.28384301055823, 108.16021995830374, 96.552889931693, 75.98970879859947], "r": [0.8926031819888424, 0.8945520103515785, 0.8458196739753947, 0.9096335623458144, 0.8983246793762403, 0.9315275697629014, 0.9580941389677664, 0.8591887518830175, 0.9073123468482478, 0.9604279196734268]}, "random": {"rmse": [113.17987889998442, 131.92956376373616, 122.79019418618851, 116.36739390835693, 110.86860578246835, 108.13160056301888, 144.54568228172997, 115.92251296034382, 110.72640739038431, 131.02641808018532], "r": [0.8365327990286515, 0.7932423461804775, 0.8741769275663573, 0.8717724626393262, 0.8421305555745243, 0.889585220076408, 0.8152487322345362, 0.8379259790488699, 0.8766777634130849, 0.8530547285596785]}, "random-tr": {"rmse": [156.08241532052088, 133.92477890041332, 139.6096280535586, 152.27103999314352, 126.36306992170016, 119.59665649691274, 107.59441185060608, 133.22178540258307, 167.04065759949953, 137.1260647245919], "r": [0.6536139410583901, 0.7928394904676951, 0.8254914298288889, 0.7658951894055737, 0.7869271143524029, 0.865941968521155, 0.9062170491122473, 0.7881644383485167, 0.7040839596594359, 0.83650819162773]}, "pettifor": {"rmse": [87.21474592936553, 99.90434945790952, 94.35063773198299, 107.26211511808287, 92.96142730656507, 94.99225506981566, 93.63153733301213, 106.48978109448127, 106.29087323359808, 84.14514931406934], "r": [0.9020106435233685, 0.8866491676686646, 0.9199327503175686, 0.8896263240421046, 0.8897249487278583, 0.9181946129961283, 0.9314430997168228, 0.8623556782964198, 0.8902586276858999, 0.9444593733036611]}, "mod_pettifor": {"rmse": [68.77025193382399, 77.17620744479059, 103.96778386967578, 103.27009272507804, 95.88414864495648, 80.95735078783014, 80.43223694078378, 64.54543240300443, 91.57518792634798, 63.805929120711816], "r": [0.941652920255083, 0.9336628670891333, 0.9059804541472195, 0.9010190054864334, 0.8915098818831034, 0.940013658026328, 0.9465170388763632, 0.9517111972951741, 0.916524245020926, 0.968321182283504]}, "PTR": {"rmse": [81.65369260788665, 94.37620703646655, 97.92259500938425, 96.93717301420935, 86.26477788475087, 104.44652650908618, 87.65057246485941, 93.06399100524501, 84.64654793255369, 85.17402238266334], "r": [0.9145271798450365, 0.9030357330312783, 0.9129877663016592, 0.9121526502125752, 0.904598649672649, 0.8982083236376442, 0.9344489624090224, 0.8974967287084905, 0.9303336313709908, 0.9453679698608551]}}, "10": {"dense": {"rmse": [78.48083647498957, 80.67518905272533, 97.726532805213, 75.466855880095, 86.45887466261601, 100.14298837401772, 77.40018307262379, 87.6811515725355, 69.87975846767462, 70.72495606389397], "r": [0.9215456173069297, 0.9274569161902071, 0.9131199574209385, 0.9486799906147879, 0.9039903716156196, 0.9061542469857056, 0.9493894686883758, 0.9104830325303754, 0.9563268756800124, 0.9655761674379203]}, "atomic": {"rmse": [96.17317662811409, 79.59154374343403, 124.53680312259264, 96.00038479113621, 83.92709537067341, 64.63263019299194, 73.36859065056012, 73.2979650173827, 101.62933294803574, 73.07799321501504], "r": [0.8819299422369596, 0.9330421758715041, 0.870087060773422, 0.9174525417818494, 0.9114637965863354, 0.9640045526297986, 0.9592075256096786, 0.9423586352814166, 0.8965136226919085, 0.9610792496018395]}, "random": {"rmse": [58.873645628592435, 80.97002972589569, 103.22287011354918, 95.28619591014053, 99.71176184923546, 74.60704861938946, 86.34081518302133, 75.55453681805311, 110.32306347775624, 91.33406944746778], "r": [0.9588676877748404, 0.9351457737777733, 0.9110323521478898, 0.9187385806204952, 0.8846863122651274, 0.9533232809397982, 0.9378839388699086, 0.9353136977241983, 0.8843299767702277, 0.934671121921802]}, "random-tr": {"rmse": [86.02523362782352, 102.66133833887343, 111.83082022831799, 115.63450445217933, 98.77559610953948, 97.10194706813958, 75.02744593605622, 100.49420947331889, 121.35783897553394, 86.52701480368601], "r": [0.9137112577218038, 0.8970306191804, 0.8936619836973874, 0.876539682932503, 0.873811884908123, 0.9140098056111563, 0.9564424850917987, 0.8851806841161424, 0.8531488875142176, 0.9450712265003655]}, "pettifor": {"rmse": [70.91541192793268, 80.35443485127355, 102.18033158309686, 80.58213047202214, 94.66434456041641, 90.54471241001113, 76.62021864518144, 77.4447035941338, 113.48519079500483, 80.2457675413493], "r": [0.9364439964961385, 0.9363935384140472, 0.9076597686535866, 0.9430423409420283, 0.8908154651813744, 0.9273114172907502, 0.952600409879436, 0.9305147934023373, 0.8775225713137649, 0.9512285182235735]}, "mod_pettifor": {"rmse": [63.60954480175508, 81.87861298452066, 102.17882200252676, 97.52150313269931, 99.99160721875883, 81.27368260152883, 70.0110804063263, 68.01791615405061, 88.40201241255461, 65.49808611634637], "r": [0.9491285893118324, 0.924666311865041, 0.9115074401331957, 0.9126352652757872, 0.8790264813437727, 0.9394091157648278, 0.9605217783163924, 0.9473388163593054, 0.9222220289789805, 0.9664159120813343]}, "PTR": {"rmse": [80.60694217122956, 75.37345996341118, 94.42791153678081, 73.69846434326436, 86.44974364993647, 96.03674194563331, 78.07253356740632, 91.41554982197235, 75.16394525008003, 71.8598192104469], "r": [0.9168707311991937, 0.9370962157868664, 0.9193360217601385, 0.9511470110285705, 0.9043567672609311, 0.9139931287363199, 0.9482978162143587, 0.9027128615667858, 0.9479822247058007, 0.9644895773758362]}}, "20": {"dense": {"rmse": [84.36683976229016, 77.30359330813279, 96.89476039703409, 78.14116773633371, 92.05482779374003, 94.03773357229417, 79.01663899222302, 84.78190951238008, 74.71962016607262, 76.60205458770217], "r": [0.9090362821514135, 0.9343019081752661, 0.9157490075274233, 0.9477717946655742, 0.8904654807648825, 0.9176772870663703, 0.9480724944885055, 0.9157119505055139, 0.9502343261940316, 0.9605958747396282]}, "atomic": {"rmse": [100.44488520454146, 68.38725216394599, 123.01360402229632, 89.67045242715427, 80.44725311762747, 63.49626376702082, 79.0287700153712, 71.50383684918876, 97.0804490537296, 80.54699734002537], "r": [0.8712921381221111, 0.9545830037789174, 0.8691487813121619, 0.9286751868699207, 0.9212849891805369, 0.9664702540909078, 0.9519992352167379, 0.9422525858111289, 0.9053203885547856, 0.9521222955446833]}, "random": {"rmse": [62.529753515649126, 80.9095850027788, 115.13585069297895, 98.38366489126653, 114.54942405130608, 69.52778257543157, 78.59091777690139, 70.24957609437169, 114.53445030390094, 94.9601588980461], "r": [0.9543686675463109, 0.940438218035832, 0.8887963835207385, 0.912965030973926, 0.8373043536288771, 0.9614072033624376, 0.9506797458694558, 0.9463787440225498, 0.8730348384513759, 0.9296386000429187]}, "random-tr": {"rmse": [87.6179836083385, 91.34576941165233, 116.21750225129368, 114.04107239612334, 98.96634745429131, 93.55949401010149, 80.18710295659028, 98.8802175779731, 128.95774219635317, 96.89643082993027], "r": [0.9131085052935041, 0.92036469101999, 0.8883789170902942, 0.8848808161539488, 0.876918395890915, 0.9211146992070465, 0.9522679394798318, 0.8889073900230768, 0.8410260306680789, 0.9285550749773013]}, "pettifor": {"rmse": [67.91865623891766, 86.15576287912836, 92.88492486167597, 97.4804505383266, 101.15972630489274, 97.6974610855286, 72.67134500274581, 77.36022633555724, 106.16803883731245, 79.42208363109125],