{"Al": {"baseline": [0.7664772257572576, 0.7664772257572576, 0.7558364859042295, 0.7618046598692755, 0.7664772257572576, 0.7664772257572576, 0.7664772257572576, 0.7733394029058078, 0.7605426465567449, 0.7664772257572576], "dense": [0.7770579453154894, 0.7696230586254196, 0.7764176417641763, 0.7642779548890848, 0.7749215412338779, 0.7657811029971774, 0.7660748289401514, 0.7676913667012677, 0.7628578468706598, 0.7787259553285099], "atomic": [0.8172230868571806, 0.8031578157815781, 0.8136832088116788, 0.7971956138703301, 0.7876132851380376, 0.8081553451959806, 0.8115229666202695, 0.7986024615254703, 0.796106467789636, 0.7996871773066878], "random": [0.7840529615091686, 0.7775666831264699, 0.7746774677467746, 0.7952455959881701, 0.7878083074579648, 0.7848521878135917, 0.7934181706458934, 0.7843879309035439, 0.781895440595953, 0.7736699501152161], "random-tr": [0.7871712804559562, 0.778724714576721, 0.7767302345998146, 0.7983274418917984, 0.7787920555903987, 0.7840300344001311, 0.7880189786130382, 0.7814963307496173, 0.7661316860549029, 0.7797001382060403], "pettifor": [0.7735659817691755, 0.7753443949046067, 0.7629567690496859, 0.7748901283542863, 0.7808171514825902, 0.7811121560214944, 0.778709556410803, 0.7829649728821277, 0.7770368368106161, 0.775291758061975], "mod_pettifor": [0.7833688458691606, 0.7791570641136253, 0.7621926666350846, 0.7786360532604985, 0.7833688458691606, 0.7874572157302662, 0.7833688458691606, 0.7869772859638906, 0.7786360532604985, 0.7787864769135875], "PTR": [0.7729131294632353, 0.7729131294632353, 0.7721132182965461, 0.7717980544410126, 0.7759318708869484, 0.7729131294632353, 0.7754380625382423, 0.7719249757488065, 0.7743265024176836, 0.775291758061975]}, "Ni": {"baseline": [0.6847282841148351, 0.6629420712798114, 0.6739997437293783, 0.6706611833570782, 0.6680284831846258, 0.6760430107526881, 0.699155134460784, 0.7079085624710763, 0.7013794370982644, 0.6788084797806406], "dense": [0.5989233921182662, 0.6047146123271243, 0.48902988614800763, 0.568880766989777, 0.5930469197989633, 0.5443184735175837, 0.6859771496761198, 0.6396569380440348, 0.6310955173858399, 0.6215665156469229], "atomic": [0.7362809506229678, 0.7377520029102477, 0.7589860047058543, 0.7472757180059895, 0.7400387073904244, 0.7383742292834119, 0.7419805454250505, 0.7289474331235248, 0.7514242908643395, 0.7492566248057817], "random": [0.7170459435294759, 0.7177745278622885, 0.7264315036472042, 0.7244805058441491, 0.7442776252573782, 0.7364668904027248, 0.7396975448021265, 0.741152662633194, 0.7258353927692409, 0.7336298877033627], "random-tr": [0.7209044908285895, 0.7319630039435979, 0.7368105272998469, 0.7454757413286234, 0.7199904868978638, 0.7403746097814776, 0.7447353528132725, 0.7330225134408602, 0.7357784739401294, 0.7335901755776887], "pettifor": [0.7304794286495353, 0.7119012242592434, 0.7389540049207217, 0.711567046173308, 0.7446117744905838, 0.705548624725242, 0.7357036097178311, 0.7292765645008324, 0.7149388569042804, 0.70420080192629], "mod_pettifor": [0.6934184217541989, 0.7005068226995544, 0.6984682198154684, 0.6851539589442815, 0.7064289491576641, 0.6850480738676085, 0.7091979924451015, 0.7202975920036347, 0.6987703289388716, 0.7082008178100864], "PTR": [0.6874813838501177, 0.7092065515817534, 0.729917672034381, 0.7280993487808571, 0.705075437156745, 0.7319873083024855, 0.7373349463511201, 0.7152432223747426, 0.7151397849462365, 0.7383496282419062]}, "Fe": {"baseline": [0.8307401466254108, 0.8294109366781006, 0.8331981075929819, 0.8630330822142154, 0.836807752431896, 0.8355198142990483, 0.860926257205327, 0.836807752431896, 0.8307739808351803, 0.8316500553709856], "dense": [0.841074367492972, 0.8579881773496162, 0.8793214525566269, 0.8724528037896883, 0.8675319794135862, 0.851249556872749, 0.8832808273933377, 0.8420298106541702, 0.8525322312010363, 0.8545129535023467], "atomic": [0.8621658247423045, 0.88109569409159, 0.8775749439103285, 0.8720985757780472, 0.88109569409159, 0.8656151256485974, 0.8760606407759576, 0.8795807890520115, 0.8841736112400008, 0.8866901573878319], "random": [0.8824401316877376, 0.8589484118391485, 0.8721495168312626, 0.8555194934707481, 0.8683816710201174, 0.8418249906686779, 0.8683333082785886, 0.8640521998784614, 0.8676720695325345, 0.8662895871613553], "random-tr": [0.8645539801988005, 0.8688027562446166, 0.8692692085926758, 0.869665178652374, 0.8633039146213147, 0.8601654615334506, 0.8640521998784614, 0.8713183066465293, 0.8645539801988005, 0.8713183066465293], "pettifor": [0.8647184497716622, 0.8658491364837443, 0.8613555953090837, 0.850827535943815, 0.8694796951961882, 0.8646619033074003, 0.8629260514722383, 0.871646556223933, 0.8669601913203316, 0.8758796303255948], "mod_pettifor": [0.809929713665739, 0.8085859105034674, 0.8238592318534179, 0.8183052220738115, 0.8344116599456951, 0.8238592318534179, 0.8324879524639396, 0.8344116599456951, 0.8379566239874575, 0.826046342093998], "PTR": [0.8594366197183099, 0.8775411234874168, 0.8808010097322732, 0.874928971477319, 0.86294496876933, 0.8735877313936522, 0.8808010097322732, 0.8735877313936522, 0.8710706707003965, 0.8771811134601831]}, "Cr": {"baseline": [0.930119898268136, 0.9011523461059064, 0.9152604259810477, 0.9171171722595216, 0.9222823197651573, 0.925417451298586, 0.9208164329114338, 0.9150368726963845, 0.920445651560541, 0.9123814784129615], "dense": [0.8967383600512894, 0.8934563413738881, 0.9136415071567834, 0.9162451237326956, 0.9245126339515204, 0.8881274608501888, 0.9190200381336114, 0.940992786422561, 0.9116241979155075, 0.9144393666359737], "atomic": [0.943892767188712, 0.9190528030042687, 0.9282227226132697, 0.9390270194605714, 0.9432190750087895, 0.9282227226132697, 0.9366990304289813, 0.9391785453738701, 0.9398941673758351, 0.9320639965308527], "random": [0.9396624125469428, 0.9221586247290041, 0.9278162994183742, 0.9350177172218075, 0.9303387629530856, 0.9310630889578257, 0.9436606130138325, 0.9352018894728126, 0.9350177172218075, 0.9310630889578257], "random-tr": [0.9396624125469428, 0.9124840887386787, 0.9318331607193295, 0.9320639965308527, 0.9310648946163161, 0.9320639965308527, 0.9194944046088529, 0.9264068756568802, 0.9318331607193295, 0.9328957254142116], "pettifor": [0.9190304347668927, 0.9072950609087603, 0.9212889999359344, 0.9197732314997289, 0.9245041466983138, 0.9097625168795886, 0.9206104160451353, 0.9399774380518924, 0.9266121738493804, 0.9237549085771822], "mod_pettifor": [0.9076677299940794, 0.8973279707833484, 0.8998368500740256, 0.9002612323893053, 0.9031318649161245, 0.8925307244859594, 0.8994382696635476, 0.9022099214520586, 0.915204678362573, 0.9068580542264754], "PTR": [0.9350177172218075, 0.9127772811983339, 0.9268466285833328, 0.9225277646330278, 0.9261060496821132, 0.9307844915033618, 0.9261060496821132, 0.9307844915033618, 0.9350177172218075, 0.9307844915033618]}, "Ti": {"baseline": [0.7420543528327959, 0.734439017772351, 0.7420543528327959, 0.7420543528327959, 0.7182743182743183, 0.7420543528327959, 0.7336405085700138, 0.734439017772351, 0.7420543528327959, 0.734439017772351], "dense": [0.7267251502920291, 0.7047879396057534, 0.7168277653227486, 0.7321561038542171, 0.7084382585108274, 0.731914418188928, 0.7049556213017751, 0.7196846488344464, 0.7180136319376826, 0.7106858511470671], "atomic": [0.7321561038542171, 0.7246800097953138, 0.7319493958289945, 0.7244024959362383, 0.7087934255690246, 0.7319493958289945, 0.724205351656332, 0.7319493958289945, 0.7322843822843822, 0.7244024959362383], "random": [0.731914418188928, 0.731850453568245, 0.7396172777436395, 0.7411577570511177, 0.7182743182743183, 0.7420543528327959, 0.724364292308543, 0.7420543528327959, 0.7336405085700138, 0.7247215747215747], "random-tr": [0.7411577570511177, 0.7292760786736691, 0.7411577570511177, 0.731850453568245, 0.7166378771729943, 0.7369207624526773, 0.7247790923749111, 0.7399969368610483, 0.731914418188928, 0.724205351656332],