{"0.9": {"mean": [[0.8220756631321529, 0.8171428571428571, 0.8098250814942742, 35.5], [0.8695771257348117, 0.8676190476190475, 0.8618708218744813, 35.5], [0.8968717147152621, 0.909920634920635, 0.8975186389214553, 35.5], [0.8365965317751034, 0.8538095238095238, 0.8381099659484427, 35.5], [0.8893577410627099, 0.8821428571428571, 0.875846229132015, 35.5], [0.8444884190557783, 0.8483333333333334, 0.8378659450555915, 35.5], [0.9062856691272841, 0.9042857142857142, 0.8973408046992836, 35.5]], "std": [[0.06840564031919509, 0.05892431798377496, 0.06671052595510397, 0.5270462766947299], [0.06608111421235752, 0.06072313223004793, 0.06330095160813322, 0.5270462766947299], [0.05544685848469799, 0.03706773104552322, 0.046048216487360315, 0.5270462766947299], [0.06438478154596299, 0.056536811678038146, 0.057347793036052, 0.5270462766947299], [0.059903851839845104, 0.05304645117173625, 0.05807905521321044, 0.5270462766947299], [0.06746070132715214, 0.053874087885912615, 0.06326072691361301, 0.5270462766947299], [0.05355095016275554, 0.05014354691726622, 0.052253514838746545, 0.5270462766947299]]}, "0.95": {"mean": [[0.888896897290272, 0.8734126984126984, 0.8668429662750452, 35.5], [0.9061928289932084, 0.9155555555555555, 0.9054718542423481, 35.5], [0.8896772121623743, 0.9072222222222223, 0.8900701117312939, 35.5], [0.8570435841131493, 0.8678571428571427, 0.8529813339207204, 35.5], [0.9147122228153973, 0.9073015873015873, 0.9024564430278715, 35.5], [0.9090904811199841, 0.9015873015873016, 0.8968422511662588, 35.5], [0.9410986054602596, 0.9296825396825398, 0.9291315914855589, 35.5]], "std": [[0.049617778324099616, 0.05887090480631878, 0.06435010381380155, 0.5270462766947299], [0.07044575204020304, 0.0436759587553363, 0.056655780836334414, 0.5270462766947299], [0.058394404021950876, 0.03222185297917906, 0.043488538493085045, 0.5270462766947299], [0.0700633973852908, 0.055218491220122484, 0.059671211309728515, 0.5270462766947299], [0.06384628807722958, 0.039042098231759303, 0.05213617049701334, 0.5270462766947299], [0.0378550554428925, 0.04013149908741044, 0.03888169412946012, 0.5270462766947299], [0.04256108133626488, 0.04847727499886965, 0.048854365082443785, 0.5270462766947299]]}, "0.99": {"mean": [[0.9062856691272841, 0.9042857142857142, 0.8973408046992836, 35.5], [0.8863098992820179, 0.9126984126984127, 0.8936155199000165, 35.5], [0.8602691527269857, 0.8760317460317459, 0.8547087013396946, 35.5], [0.846966069424733, 0.8705555555555555, 0.8487662060421164, 35.5], [0.9087130623830072, 0.9156349206349207, 0.9055545746822409, 35.5], [0.9243086573536885, 0.9156349206349207, 0.9119991454103111, 35.5], [0.9520054363625793, 0.9438095238095239, 0.9420925400698614, 35.5]], "std": [[0.05355095016275554, 0.05014354691726622, 0.052253514838746545, 0.5270462766947299], [0.06387591019343944, 0.041038559639503314, 0.05317648590600399, 0.5270462766947299], [0.0729342172306929, 0.04870427131231628, 0.060278167948175455, 0.5270462766947299], [0.07051546000071786, 0.054450395857381054, 0.06659015435593049, 0.5270462766947299], [0.05086353497598863, 0.03719175921266394, 0.042135092197608255, 0.5270462766947299], [0.029361097477173966, 0.03225354903281283, 0.03282774104730862, 0.5270462766947299], [0.05101545166599828, 0.05811898975730362, 0.059946789196602276, 0.5270462766947299]]}, "names": ["DNN", "CNN1-atom", "CNN1-alph", "CNN1-rand", "CNN1-pet", "CNN1-modpet", "CNN2-PTR"]}