{"5": {"mean": [[0.9259985398199684, 0.9157936507936508, 0.9147350150902849, 35.5], [0.8562227447555169, 0.8509523809523809, 0.8443321828500974, 35.5], [0.8657268484333702, 0.8734126984126984, 0.8613136816986415, 35.5], [0.8509886427093836, 0.8538095238095238, 0.8385439908292179, 35.5], [0.9035578693218446, 0.8903968253968255, 0.8877164208811564, 35.5], [0.8756178115905513, 0.8792857142857142, 0.8705976451659682, 35.5], [0.9259985398199684, 0.9157936507936508, 0.9147350150902849, 35.5]], "std": [[0.045455725982010683, 0.05583634007515068, 0.054276909752541666, 0.5270462766947299], [0.044290415417978436, 0.05518749329358767, 0.0504904130485133, 0.5270462766947299], [0.053575094160178464, 0.05328734527315787, 0.05598917724819364, 0.5270462766947299], [0.0627432326967114, 0.046450687386997376, 0.05529890849801819, 0.5270462766947299], [0.049357764280866134, 0.05147586661931286, 0.05333899184741708, 0.5270462766947299], [0.07255895947056076, 0.05378437655376957, 0.06201735119934904, 0.5270462766947299], [0.045455725982010683, 0.05583634007515068, 0.054276909752541666, 0.5270462766947299]]}, "10": {"mean": [[0.9389189446968949, 0.9296031746031745, 0.9264457931290945, 35.5], [0.9015398437161632, 0.9044444444444444, 0.8972500402787521, 35.5], [0.8626146490005958, 0.8759523809523809, 0.8613357098513206, 35.5], [0.8559130366323602, 0.8649999999999999, 0.8483397433343116, 35.5], [0.9028505605531141, 0.9043650793650795, 0.898000794677615, 35.5], [0.9076519061683659, 0.9043650793650795, 0.8973377985469577, 35.5], [0.9389189446968949, 0.9296031746031745, 0.9264457931290945, 35.5]], "std": [[0.03206955478176767, 0.035832744950745656, 0.035734507291449676, 0.5270462766947299], [0.06999992630391497, 0.055809698370289984, 0.0628772958914189, 0.5270462766947299], [0.052510073170606957, 0.05260899800552964, 0.0522512087160125, 0.5270462766947299], [0.08055236197754817, 0.06707009245041602, 0.0718504254391908, 0.5270462766947299], [0.05470370414701607, 0.0419631260758465, 0.048659674489078, 0.5270462766947299], [0.03826801848805231, 0.040239912784333795, 0.0391857662897253, 0.5270462766947299], [0.03206955478176767, 0.035832744950745656, 0.035734507291449676, 0.5270462766947299]]}, "20": {"mean": [[0.9438757171569365, 0.9325396825396826, 0.9315279784371879, 35.5], [0.9068809860742227, 0.9183333333333333, 0.9083159826376264, 35.5], [0.8851869074590262, 0.8958730158730159, 0.8809438077482529, 35.5], [0.8720341478397378, 0.8819047619047617, 0.868478972548913, 35.5], [0.9325157446328944, 0.9354761904761905, 0.9291470704171845, 35.5], [0.9202312783259989, 0.9128571428571428, 0.909122413449771, 35.5], [0.9438757171569365, 0.9325396825396826, 0.9315279784371879, 35.5]], "std": [[0.03325591801139398, 0.042187265899842674, 0.0416186811795374, 0.5270462766947299], [0.07159153781467716, 0.044627441978982094, 0.0585648758833572, 0.5270462766947299], [0.047232914407500784, 0.02947522124989846, 0.03582056777948637, 0.5270462766947299], [0.0754164171889777, 0.05822486285672915, 0.0664455274294622, 0.5270462766947299], [0.05948465416118185, 0.0436292234664064, 0.051808108924820365, 0.5270462766947299], [0.04498687263695935, 0.048590617643253745, 0.048916290671773284, 0.5270462766947299], [0.03325591801139398, 0.042187265899842674, 0.0416186811795374, 0.5270462766947299]]}, "names": ["DNN", "CNN1-atom", "CNN1-alph", "CNN1-rand", "CNN1-pet", "CNN1-modpet", "CNN2-PTR"]}