{"mcnemar_gfa": {"names": ["DNN", "CNN1-atom", "CNN1-rand", "CNN1-pet", "CNN1-modpet", "CNN2-PTR"], "p_vals": [[1.0, 8.02908803839849e-165, 3.794685414112974e-223, 9.906486807640391e-229, 4.422647604374589e-182, 1.467471824274776e-85], [1.0, 1.0, 4.4520584509971314e-33, 8.512360008493088e-47, 9.153413046577839e-07, 0.0001571125847425496], [1.0, 1.0, 1.0, 0.3989271474964335, 1.1868392628617136e-14, 1.2078407188809216e-05], [1.0, 1.0, 1.0, 1.0, 6.23847834928156e-27, 5.127446440137112e-07], [1.0, 1.0, 1.0, 1.0, 1.0, 0.3529816232368335], [1.0, 1.0, 1.0, 1.0, 1.0, 1.0]]}, "mcnemar_hea_phase": {"names": ["DNN", "CNN1-atom", "CNN1-rand", "CNN1-pet", "CNN1-modpet", "CNN2-PTR"], "p_vals": [[1.0, 0.00048828125, 0.002349853515625, 0.0008554458618164062, 0.0025768280029296875, 4.9233436584472656e-05], [1.0, 1.0, 0.2890625, 1.0, 0.5078125, 0.2890625], [1.0, 1.0, 1.0, 0.5078125, 1.0, 0.03857421875], [1.0, 1.0, 1.0, 1.0, 0.6875, 0.2265625], [1.0, 1.0, 1.0, 1.0, 1.0, 0.09228515625], [1.0, 1.0, 1.0, 1.0, 1.0, 1.0]]}}