{"mcnemar_gfa": {"names": ["DNN", "CNN1-atom", "CNN1-alph", "CNN1-rand", "CNN1-pet", "CNN1-modpet", "CNN2-PTR"], "p_vals": [[1.0, 0.05, 0.0, 0.05, 0.0, 0.0, 0.08], [0.0, 1.0, 0.07, 0.12, 0.1, 0.17, 0.31], [0.0, 0.0, 1.0, 0.04, 0.12, 0.09, 0.09], [0.0, 0.0, 0.0, 1.0, 0.14, 0.02, 0.23], [0.0, 0.0, 0.0, 0.0, 1.0, 0.12, 0.12], [0.0, 0.0, 0.0, 0.0, 0.0, 1.0, 0.18], [0.0, 0.0, 0.0, 0.0, 0.0, 0.0, 1.0]]}, "mcnemar_hea_phase": {"names": ["DNN", "CNN1-atom", "CNN1-rand", "CNN1-pet", "CNN1-modpet", "CNN2-PTR"], "p_vals": [[1.0, 0.00022125244140625, 0.001312255859375, 0.0014896392822265625, 0.00048828125, 4.9233436584472656e-05], [1.0, 1.0, 0.25, 0.6875, 1.0, 0.2890625], [1.0, 1.0, 1.0, 1.0, 0.5078125, 0.0654296875], [1.0, 1.0, 1.0, 1.0, 0.6875, 0.14599609375], [1.0, 1.0, 1.0, 1.0, 1.0, 0.34375], [1.0, 1.0, 1.0, 1.0, 1.0, 1.0]]}}